{
	"info": {
		"_postman_id": "7ee1492e-29b8-444c-889b-352203af9a75",
		"name": "E-Commerce",
		"schema": "https://schema.getpostman.com/json/collection/v2.1.0/collection.json"
	},
	"item": [
		{
			"name": "User Apis",
			"item": [
				{
					"name": "Sign up user",
					"request": {
						"method": "POST",
						"header": [],
						"body": {
							"mode": "raw",
							"raw": "{\r\n    \"userId\" : \"Ramesh\",\r\n    \"userName\" : \"Ramesh K\",\r\n    \"password\" : \"ram123\"\r\n}",
							"options": {
								"raw": {
									"language": "json"
								}
							}
						},
						"url": {
							"raw": "localhost:8080/api/user/signup",
							"host": [
								"localhost"
							],
							"port": "8080",
							"path": [
								"api",
								"user",
								"signup"
							]
						}
					},
					"response": []
				},
				{
					"name": "Sign in User",
					"request": {
						"method": "POST",
						"header": [],
						"body": {
							"mode": "raw",
							"raw": "{\r\n    \"userId\" : \"Ramesh\",\r\n    \"password\" : \"ram123\"\r\n}",
							"options": {
								"raw": {
									"language": "json"
								}
							}
						},
						"url": {
							"raw": "localhost:8080/api/user/signin",
							"host": [
								"localhost"
							],
							"port": "8080",
							"path": [
								"api",
								"user",
								"signin"
							]
						}
					},
					"response": []
				},
				{
					"name": "get All Users",
					"request": {
						"method": "GET",
						"header": [],
						"url": {
							"raw": "localhost:8080/api/user/all",
							"host": [
								"localhost"
							],
							"port": "8080",
							"path": [
								"api",
								"user",
								"all"
							]
						}
					},
					"response": []
				},
				{
					"name": "get User by Id",
					"request": {
						"method": "GET",
						"header": [],
						"url": {
							"raw": "localhost:8080/api/user/gk111",
							"host": [
								"localhost"
							],
							"port": "8080",
							"path": [
								"api",
								"user",
								"gk111"
							]
						}
					},
					"response": []
				},
				{
					"name": "Search By User Name",
					"request": {
						"method": "GET",
						"header": [],
						"url": {
							"raw": "localhost:8080/api/user/search?userName=Goutham G",
							"host": [
								"localhost"
							],
							"port": "8080",
							"path": [
								"api",
								"user",
								"search"
							],
							"query": [
								{
									"key": "userName",
									"value": "Goutham G"
								}
							]
						}
					},
					"response": []
				},
				{
					"name": "Update User Name",
					"request": {
						"method": "PATCH",
						"header": [],
						"url": {
							"raw": "localhost:8080/api/user/gk11/update/username?updatedUserName=Nandu",
							"host": [
								"localhost"
							],
							"port": "8080",
							"path": [
								"api",
								"user",
								"gk11",
								"update",
								"username"
							],
							"query": [
								{
									"key": "updatedUserName",
									"value": "Nandu"
								}
							]
						}
					},
					"response": []
				},
				{
					"name": "Update User Password",
					"request": {
						"method": "PATCH",
						"header": [],
						"body": {
							"mode": "raw",
							"raw": "{\r\n    \"oldPassword\" : \"12345\",\r\n    \"newPassword\" : \"Abc@123\",\r\n    \"confirmPassword\" : \"Abc@123\"\r\n}",
							"options": {
								"raw": {
									"language": "json"
								}
							}
						},
						"url": {
							"raw": "localhost:8080/api/user/gk11/update/password",
							"host": [
								"localhost"
							],
							"port": "8080",
							"path": [
								"api",
								"user",
								"gk11",
								"update",
								"password"
							]
						}
					},
					"response": []
				},
				{
					"name": "get All User Orders",
					"request": {
						"method": "GET",
						"header": [],
						"url": {
							"raw": "localhost:8080/api/user/goutham123/order/all",
							"host": [
								"localhost"
							],
							"port": "8080",
							"path": [
								"api",
								"user",
								"goutham123",
								"order",
								"all"
							]
						}
					},
					"response": []
				}
			]
		},
		{
			"name": "Admin Apis",
			"item": [
				{
					"name": "Update Admin Password",
					"request": {
						"method": "POST",
						"header": [],
						"body": {
							"mode": "raw",
							"raw": "{\r\n    \"oldPassword\" : \"admin\",\r\n    \"newPassword\" : \"password\",\r\n    \"confirmPassword\" : \"password\"\r\n}",
							"options": {
								"raw": {
									"language": "json"
								}
							}
						},
						"url": {
							"raw": "localhost:8080/api/admin/admin/updatepassword",
							"host": [
								"localhost"
							],
							"port": "8080",
							"path": [
								"api",
								"admin",
								"admin",
								"updatepassword"
							]
						}
					},
					"response": []
				},
				{
					"name": "sign In Admin",
					"request": {
						"method": "POST",
						"header": [],
						"body": {
							"mode": "raw",
							"raw": "{\r\n    \"userId\" : \"admin\",\r\n    \"password\" : \"password\"\r\n}",
							"options": {
								"raw": {
									"language": "json"
								}
							}
						},
						"url": {
							"raw": "localhost:8080/api/admin/signin",
							"host": [
								"localhost"
							],
							"port": "8080",
							"path": [
								"api",
								"admin",
								"signin"
							]
						}
					},
					"response": []
				}
			]
		},
		{
			"name": "Product Apis",
			"item": [
				{
					"name": "get All products",
					"request": {
						"method": "GET",
						"header": [],
						"url": {
							"raw": "localhost:8080/api/product/all",
							"host": [
								"localhost"
							],
							"port": "8080",
							"path": [
								"api",
								"product",
								"all"
							]
						}
					},
					"response": []
				},
				{
					"name": "Search by product name",
					"request": {
						"method": "GET",
						"header": [],
						"url": {
							"raw": "localhost:8080/api/product/search?productName=Nike",
							"host": [
								"localhost"
							],
							"port": "8080",
							"path": [
								"api",
								"product",
								"search"
							],
							"query": [
								{
									"key": "productName",
									"value": "Nike"
								}
							]
						}
					},
					"response": []
				},
				{
					"name": "Search by product Id",
					"request": {
						"method": "GET",
						"header": [],
						"url": {
							"raw": "localhost:8080/api/product/search/101",
							"host": [
								"localhost"
							],
							"port": "8080",
							"path": [
								"api",
								"product",
								"search",
								"101"
							]
						}
					},
					"response": []
				},
				{
					"name": "Add product",
					"request": {
						"method": "POST",
						"header": [],
						"body": {
							"mode": "raw",
							"raw": "{\r\n    \"productId\" : 102,\r\n    \"productName\" : \"Nike\",\r\n    \"msrp\" : 2500.00,\r\n    \"quantityInStock\" : 10,\r\n    \"productVendor\" : \"Nike Shoe company\"\r\n}",
							"options": {
								"raw": {
									"language": "json"
								}
							}
						},
						"url": {
							"raw": "localhost:8080/api/product/add",
							"host": [
								"localhost"
							],
							"port": "8080",
							"path": [
								"api",
								"product",
								"add"
							]
						}
					},
					"response": []
				},
				{
					"name": "Update Product Name",
					"request": {
						"method": "PATCH",
						"header": [],
						"url": {
							"raw": "localhost:8080/api/product/101/update/name?productName=Reebok",
							"host": [
								"localhost"
							],
							"port": "8080",
							"path": [
								"api",
								"product",
								"101",
								"update",
								"name"
							],
							"query": [
								{
									"key": "productName",
									"value": "Reebok"
								}
							]
						}
					},
					"response": []
				},
				{
					"name": "update product MSRP",
					"request": {
						"method": "PATCH",
						"header": [],
						"url": {
							"raw": "localhost:8080/api/product/101/update/msrp?msrp=1500.00",
							"host": [
								"localhost"
							],
							"port": "8080",
							"path": [
								"api",
								"product",
								"101",
								"update",
								"msrp"
							],
							"query": [
								{
									"key": "msrp",
									"value": "1500.00"
								}
							]
						}
					},
					"response": []
				},
				{
					"name": "update product quantity",
					"request": {
						"method": "PATCH",
						"header": [],
						"url": {
							"raw": "localhost:8080/api/product/101/update/quantity?quantity=75",
							"host": [
								"localhost"
							],
							"port": "8080",
							"path": [
								"api",
								"product",
								"101",
								"update",
								"quantity"
							],
							"query": [
								{
									"key": "quantity",
									"value": "75"
								}
							]
						}
					},
					"response": []
				},
				{
					"name": "Update product vendor",
					"request": {
						"method": "PATCH",
						"header": [],
						"url": {
							"raw": "localhost:8080/api/product/101/update/vendor?vendor=Reebok shoes ltd",
							"host": [
								"localhost"
							],
							"port": "8080",
							"path": [
								"api",
								"product",
								"101",
								"update",
								"vendor"
							],
							"query": [
								{
									"key": "vendor",
									"value": "Reebok shoes ltd"
								}
							]
						}
					},
					"response": []
				},
				{
					"name": "Delete product",
					"request": {
						"method": "DELETE",
						"header": [],
						"url": {
							"raw": "localhost:8080/api/product/103/delete",
							"host": [
								"localhost"
							],
							"port": "8080",
							"path": [
								"api",
								"product",
								"103",
								"delete"
							]
						}
					},
					"response": []
				},
				{
					"name": "Get all orders of product",
					"request": {
						"method": "GET",
						"header": [],
						"url": {
							"raw": "localhost:8080/api/product/101/order/all",
							"host": [
								"localhost"
							],
							"port": "8080",
							"path": [
								"api",
								"product",
								"101",
								"order",
								"all"
							]
						}
					},
					"response": []
				}
			]
		},
		{
			"name": "Order Apis",
			"item": [
				{
					"name": "Order by Date and Id with Ordering Manner",
					"request": {
						"method": "GET",
						"header": [],
						"url": {
							"raw": "localhost:8080/api/order/all?key=orderId&ordering=descending",
							"host": [
								"localhost"
							],
							"port": "8080",
							"path": [
								"api",
								"order",
								"all"
							],
							"query": [
								{
									"key": "key",
									"value": "orderId"
								},
								{
									"key": "ordering",
									"value": "descending"
								}
							]
						}
					},
					"response": []
				}
			]
		}
	]
}